{"cameraMode":{"drawMode":0,"name":"Shaded","section":"Shading Mode"},"sceneLighting":true,"audioPlay":false,"sceneViewState":{"showFog":true,"showMaterialUpdate":false,"showSkybox":true,"showFlares":true,"showImageEffects":true,"showParticleSystems":true},"in2DMode":false,"pivot":{"x":-0.6879110336303711,"y":1.8698737621307374,"z":-0.2879936695098877},"rotation":{"x":-0.0369795560836792,"y":0.5768566131591797,"z":-0.02615557238459587,"w":-0.8155943751335144},"size":8.329678535461426,"orthographic":false}