{"cameraMode":{"drawMode":0,"name":"Shaded","section":"Shading Mode"},"sceneLighting":true,"audioPlay":false,"sceneViewState":{"showFog":true,"showMaterialUpdate":false,"showSkybox":true,"showFlares":true,"showImageEffects":true,"showParticleSystems":true},"in2DMode":false,"pivot":{"x":-0.7569541931152344,"y":0.7590658664703369,"z":-0.6920301914215088},"rotation":{"x":-0.1372757852077484,"y":0.46584415435791018,"z":-0.0734148919582367,"w":-0.8710653781890869},"size":6.999982833862305,"orthographic":false}